-- phpMyAdmin SQL Dump
-- version 5.2.1
-- https://www.phpmyadmin.net/
--
-- Host: 127.0.0.1
-- Generation Time: Jul 19, 2025 at 02:05 AM
-- Server version: 10.4.32-MariaDB
-- PHP Version: 8.2.12

SET SQL_MODE = "NO_AUTO_VALUE_ON_ZERO";
START TRANSACTION;
SET time_zone = "+00:00";


/*!40101 SET @OLD_CHARACTER_SET_CLIENT=@@CHARACTER_SET_CLIENT */;
/*!40101 SET @OLD_CHARACTER_SET_RESULTS=@@CHARACTER_SET_RESULTS */;
/*!40101 SET @OLD_COLLATION_CONNECTION=@@COLLATION_CONNECTION */;
/*!40101 SET NAMES utf8mb4 */;

--
-- Database: `book_store`
--

-- --------------------------------------------------------

--
-- Table structure for table `books`
--

CREATE TABLE `books` (
  `id` bigint(20) UNSIGNED NOT NULL,
  `title` varchar(255) NOT NULL,
  `author` varchar(255) NOT NULL,
  `description` text DEFAULT NULL,
  `published_date` year(4) DEFAULT NULL,
  `sub_category` varchar(100) DEFAULT NULL,
  `rating` float DEFAULT NULL,
  `price` decimal(10,2) DEFAULT NULL,
  `thumbnail` varchar(255) DEFAULT NULL
) ENGINE=InnoDB DEFAULT CHARSET=utf8mb4 COLLATE=utf8mb4_unicode_ci;

--
-- Dumping data for table `books`
--

INSERT INTO `books` (`id`, `title`, `author`, `description`, `published_date`, `sub_category`, `rating`, `price`, `thumbnail`) VALUES
(1, 'جمرة', 'دعاء الجدعاني', 'كتاب جمرة بقلم دعاء الجدعاني ... تتحدث الرواية عن الطفلة جمرة التي كانت تعاني منذ صغرها من سوء معاملة الناس لها لأن أمها ساحرة لقد شهدت هذه الفتاة الصغيرة أمور السحر والشعوذة التقت مع المخلوقات المرعبة وحضرت جلسات صرف الجن كيف سيكون حال فتاة صغيرة بنفس حياة ووضع جمرة؟', '2023', 'رعب', 4.6, 70.00, '1752528292.webp'),
(33, 'الليالي البيضاء', 'دوستويفسكي', 'رواية قصيرة نشرها دوستويفسكي في أوائل حياته وتعد قطعة من الأدب الرفيع...', '2019', 'رومانسية', 4.3, 70.00, '1752536473.webp'),
(34, 'الهلكوت', 'أحمد خالد مصطفى', 'كانوا يقتربون ببطء.. ينسلون على بلاد الأرض من كل حدب...', '2022', 'رعب', 4.5, 75.00, '1752536534.webp'),
(35, 'كل شخص في عائلتي قتل أحدا ما', 'بنجامين ستيفنسن', 'كل شخص في عائلتي قتل أحدًا ما. بعضنا من أصحاب الإنجازات الكبيرة...', '2023', 'تشويق', 4.2, 80.00, '1752536563.webp'),
(36, 'كل شخص في القطار يخفي شيئا ما', 'بنجامين ستيفنسن', 'كنت بحاجة إلى استراحة لأستعيد ذاتي. لم أكن أعلم أنني على وشك التورط في جريمة...', '2024', 'تشويق', 4, 70.00, '1752536575.webp'),
(37, 'الليفايثن الأخير', 'سنا دركل', 'هممتُ بإغلاق الباب في وجهه بينما وضع يديه مرة أخرى وقال: \"قاسم! ليس لديَّ مكانٌ أبيتُ فيه!\"...', '2023', 'رومانسية', 4.4, 80.00, '1752536588.webp'),
(38, 'محتوم', 'بنديكت جاكا', 'ماذا لو استطعت رؤية كل الاحتمالات الممكنة لمستقبلك؟ آلكس ڤِروس يمتلك هذه القدرة...', '2025', 'خيال', 4.3, 100.00, '1752536605.webp'),
(39, 'عالم الجليد والنار', 'جورج ر. ر. مارتن', 'التاريخ الخفي الذي لم يُروَ من قبل لوستروس والأراضي البعيدة مع مئات الصفحات من المحتوى الجديد...', '2014', 'خيال', 4.6, 150.00, '1752536617.webp'),
(40, 'شوجن (جزئين)', 'جيمس كلافيل', 'ثقافتان نمطان مختلفان للحياة. تتصادم العوالم عندما يجد الربان الإنجليزي نفسه في اليابان...', '1975', 'خيال', 4.7, 700.00, '1752536637.webp'),
(41, 'زقاق لو', 'أماني عيسى', 'أنا شاهد على ما حدث ولستُ قاصًّا جيدًا لأخبرك عنه، لكن سأحاول أن أخبرك عن القرية...', '2022', 'خيال', 4.1, 100.00, '1752536653.webp'),
(42, 'بوتي هامون', 'سنية زايد', 'لا يمكنني أن أُحدد أين أنت، ربما في مشفى أو مستودع، أو محبوس داخل مخزن مهجور...', '2023', 'رومانسية', 4, 100.00, '1752536664.webp'),
(43, 'الدراسة السوداء', 'خوسيه كارلوس سموثا', 'إنجلترا ١٨٨٢، ممرضة تهرب من لندن إلى بورتسموث لتعمل في مصحة عقلية تُكلَّف برعاية مريض...', '2022', 'رومانسية', 4.1, 120.00, '1752536673.webp'),
(44, 'الأرملة الحسناء', 'جمال الدين العراب', 'حروب ملحمية خضَّبت الخريطة بالدم ورسمت ملامح عالمٍ مرعب.. فهل الدفاع عن قيم الخير...', '2022', 'تاريخي', 4.2, 120.00, '1752536687.webp'),
(45, 'الصمود (المجلد الأول والثاني)', 'ستيفن كينغ', 'كتاب الصمود (المجلد الأول والثاني) بقلم ستيفن كينغ ... في البَدء جاءت أيام الوباء، ثم تلتها الأحلام.', '2025', 'خيال', 4.5, 100.00, '1752536697.webp'),
(46, 'أبناء شانغهاي', 'جولي مين', 'كتاب أبناء شانغهاي بقلم جولي مين ... \"روايةٌ مذهلةٌ وجريئةٌ تأخذنا في رحلةٍ عبر الزمن لسبر أغوار أسرةٍ تعيش في شانغهاي العالمية، حيث نبدأ من عام 2040 ونتحرك تدريجيًّا إلى الوراء عبر الزمن، مرورًا بحاضرنا والماضي القريب، لنكتشف أسرار هذه الأسرة، وخسائرها، وكيف يعيد أفرادها تشكيل أنفسهم عبر السنين. تُبحر بنا الرواية داخل الحياة المشتركة والمنفصلة لأفراد عائلة يانغ، حيث نعيش تجاربهم من خلال كلِّ فردٍ، ومن خلال أعين الشخصيات المحيطة بهم.. من مربيةٍ قادمةٍ من الأرياف، إلى سائقٍ خاص يعشق المخاطرة، إلى جدةٍ تحمل في ذاكرتها أصداء الماضي. كما نرى في لمحاتٍ من المستقبل مدينةً مهددةً بارتفاع منسوب المياه، واقتراب شبح النهاية. لكننا أيضًا نُدرك في رواية جولي مين أن بعض الأشياء لا تتغير: فالحب معقَّدٌ، والحياة ليست عادلةً، والعائلة ستظل دومًا متصلةً بقوَّة الدم، والأسرار، والشوق. \"\"أبناء شانغهاي\"\" هي روايةٌ مبنية ببراعةٍ وتلامس القلب بعمقٍ، وتقدم لنا استكشافًا لا يُنسى للزواج، والعلاقات، والعائلة، وتجربة الزمن المعقَّدة.\"', '2025', 'رومانسية', 4.5, 80.00, '1752600135.webp'),
(47, 'غصون البندق (جزئين)', 'منى سلامة', 'كتاب غصون البندق (جزئين) بقلم منى سلامة ... \"كان ياما كان في زمنٍ من الأزمان رأيتُ مِن البندق ثلاث حبات عند كسرهن تتناثر الغيمات! كيف نفهم ما نريد، إذا كنا لم نعرف قط مَن نكون؟\"', '2025', 'رومانسية', 4.6, 150.00, '1752600259.jpg'),
(48, 'حشاشة الروح', 'منى يونس', 'كتاب حشاشة الروح بقلم منى يونس ... \"بعد رحلة شاقة قطعها تَليلان الفارس العربي وزُبَيدة المصرية الفاتنة على فرسيهما لَيْل وعَفْتَب، من بَيداء الحجاز وصولًا إلى مصر المحروسة، قبل قرون عديدة. سألت زُبَيدة تَليلان وهي تلوذ بدفئه: \"\"ماذا تعني حُشَاشَةُ الرُّوح؟\"\". أجابها بعد أن امتصَّ صوتها المُنَغَّم بأذنه: \"\"حُشَاشَةُ الرُّوح هي آخر بواقي الحياة التي تتراقص كلهيبِ شمعةٍ تهبُّ عليها رياح الرحيل، قبل أن يغادر المرء ضيق الدنيا مُنتقلًا إلى رَحابةِ بَرزخه. هي الرَّمق الأخير وأطلال الضي المُشِع الذي عكف على إحياء رُوح القلب، طوال العمر الذي انقضى. حين يأكل الحُب من حُشَاشَةِ المَرء، فهو يُفنيه إلى سرمد المُنتَهى', '2025', 'رومانسية', 4.3, 80.00, '1752600312.webp'),
(49, 'سنحظى بالصيف دائما', 'جيني هان', 'كتاب سنحظى بالصيف دائما بقلم جيني هان ... \"هل ستتمكن بيلي من اتخاذ خيار نهائي بين جيرمايا وكونراد؟ ستكتشف ذلك في ختام ثلاثية «الصيف الذي أصبحتُ فيه جميلة». لم تحب بيلي قط أو تتحرك مشاعرها طوال حياتها سوى تجاه فتييْـن، كلاهما يحمل الاسم الأخير نفسه: فيشر. وبعد كونها في علاقة مع جيرمايا في العامين الماضيين، صارت شبه واثقة من أنه توأم روحها. شبه واثقة. وبينما لم يتجاوز كونراد غلطة تخلِّيه عن بيلي وتركها تذهب، كان جيرمايا يعرف دائمًا أن بيلي هي الفتاة المناسبة له. لذا عندما تقرر بيلي وجيرمايا أن تتخذ علاقتهما شكلًا جديًّا وأن يكونا معًا للأبد، يدرك كونراد أنه إما الآن، وإما فلا.. إما أن يفصح لبيلي عن حبه، وإما أن يفقدها إلى الأبد. سيتعين على بيلي مجابهة مشاعرها تجاه جيرمايا وكونراد ومواجهة ما لا مفر منه: أنها ستضطر لكسر أحد قلبيهما. \"', '2025', 'رومانسية', 4.6, 80.00, '1752600384.webp'),
(50, 'ابنة ملك الأرض السحرية', 'اللورد دانساني', 'كتاب ابنة ملك الأرض السحرية بقلم اللورد دانساني ... \"«تُشبِه هذه الرواية شرابًا فاخرًا قد تفاجئك قوَّة نكهته بعدما اعتدتَ تناول المياه الغازية. لهذا ثِقْ بجمال هذا الكتاب. ثِقْ بقـــوَّة الشِّعر والخيــــال وسِـــحر الـــــحبر، وارتشفه بتمهُّل». - نيل جايمان قبل زمن بعيد في وادٍ إنجليزيٍّ صغير يُدعى «إيرل» يجتمع رجال البرلمان بحاكمهم. لقد تولَّـى أمرهم حكَّام من البشر يصدح المُنشِدون الجوَّالة بآثارهم التي تُخلِّدها أغنياتهم الرنَّانة، لكن الأجيال تتوالى ولا جديد تحت الشمس. لهذا يطلبون حاكمًا من سلالة سحرية. يستجيب الحاكم لهم، ويأمر ابنه ألڤيرك بالذهاب إلى «الأرض السحرية» كي يتزوج الأميرة ليرازِل ابنة ملكها. لا يضيع ألڤيرك وقتًا وينطلق في رحلة إلى الحدود، التي تقع وراءها أرض نسمع بها في الأغنيات فقط. بعدما يعبر حاجز الشَّفق ويجتاز الغابة المسحورة ويقاتل فرسان حرس الملك يعود إلى الأرض برفقة الحسناء ليرازِل ويتزوَّجان. وعلى الرغم من أن رابط الحب الذي يجمع بينهما قويٌّ فإن زواجهما يواجه التحديات، وتنجح التعويذة الرونيَّة التي يلقيها ملك الأرض السحرية في إبعاد ليرازِل عن زوجها وابنها. فيشرع ألڤيرك مفطور القلب في مهمة مستحيلة لاستعادة حبه، ويتعلم رجال برلمان مملكة «إيرل» الاحتراس ممَّا يتمنَّون.\"', '2025', 'خيال', 4.6, 80.00, '1752600633.webp'),
(51, 'الزوجة الثعلب', 'يانغشي تشو', 'كتاب الزوجة الثعلب بقلم يانغشي تشو ... \"في رواية «الزوجة الثعلب»، تنسج يانغشي تشو حكاية آسرة تجمع بين الأسطورة والتاريخ في إطار مشوِّق وغامض. تدور القصة في منشوريا عام 1908، حيث تبرز شخصية امرأة غامضة، تمتلك القدرة على التحول إلى ثعلب، وتسعى للانتقام ممن دمَّر حياتها وقتل طفلتها. تقودها هذه الرحلة الملأى بالأسرار عبر مناطق شاسعة، لتواجه ماضيًا مليئًا بالخيانة والفقدان. في الجهة الأخرى، يظهر المحقق باو، الرجل المسن الذي يملك قدرة فريدة على كشف الأكاذيب، ويجد نفسه غارقًا في قضية غامضة عندما يُعثر على جثة امرأة شابة في ظروف مريبة. لكن مع اقتراب الأساطير القديمة المدفونة عن الثعالب المتحولة من سطح الواقع، يتساءل باو إن كان يواجه أرواحًا أسطورية أم حِيلًا بشرية. تمزج الرواية بين الواقعية السحرية والأجواء التاريخية، مقدِّمة قصة غنية بالتفاصيل عن الانتقام والبحث عن العدالة في عالم سريع التَّقلُّب. وبين تصاعد الأحداث والعلاقات الإنسانية المعقدة، تصحبك «الزوجة الثعلب» في رحلة لا تُنسى، حيث تتداخل الأسطورة بالواقع في مشاهد آسرة.\"', '2025', 'خيال', 4.7, 95.00, '1752600690.webp'),
(52, 'ممتد', 'نيل شُسترمان', 'كتاب ممتد بقلم نيل شُسترمان ... \"قصص أخيرة من عالم التفكيك حكايات عالم التفكيك الغريب والمثير لم تنتهِ بعد، بل ما زالت ممتدة في هذا الكتاب الخامس والأخير من دستوبيا التفكيك. يحمل هذا الكتاب بين دفتيه توليفة رائعة من القصص القصيرة المنفصلة المتصلة، التي تدور كلها في عوالم التفكيك الغامضة والملأى بالتشويق والمغامرات المريعة والممتعة في الوقت نفسه. سنقابل هنا أبطالنا المعروفين -مثل ريسا وليف وكام وجرايس ونيلسون- في مراحل مختلفة من حياتهم؛ سابقة أو تالية للأحداث التي عايشناها في الكتب السابقة من السلسلة، كما سنتعرف على أبطال جدد -بروكلين وكولتون وأنيسا وهيث ورودين، وغيرهم- وسنرى كيف نجح المؤلف ومعاونوه في نسج قصصهم ببراعة داخل النسيج الأصلي للعالم الذي عشنا داخله بجوارحنا على مدار أربعة كتب قرأناها قبل «مُمتد». هل ينتظرنا كونر لاسيتر أيضًا في هذا الكتاب؟ ربما لا يطل علينا محرر المفككين هذه المرة مباشرة، لكن سيظل له وجود لافت ودائم في خلفية الأحداث.\"', '2025', 'خيال', 4.6, 100.00, '1752600779.webp'),
(53, 'واحة اليعقوب', 'عمرو عبد الحميد', 'كتاب واحة اليعقوب بقلم عمرو عبد الحميد ... وُلدنا بلا جفون، في مكانٍ لا يعرف الرحمة. ففي واحة اليعقوب، رمشة جفنٍ واحدة تعني الموت، ومع اختفاء الظلال التي تحمينا، صار البقاء مجرد مسألة وقت.', '2025', 'خيال', 4.8, 70.00, '1752600840.webp'),
(54, 'لغز السدادة الكريستال', 'موريس لوبلان', 'كتاب لغز السدادة الكريستال بقلم موريس لوبلان ... \"في إحدى مغامراته الأكثر إثارة، يجد أرسين لوبين نفسه في مواجهة مع واحدة من أخطر الشخصيات التي واجهها على الإطلاق: النائب دوبريك، رجل بلا قلب ولا ضمير، يخفي وثيقة سرية قد تُغير مسار العدالة. عندما يتورط اثنان من شركاء لوبين في جريمة غامضة في أثناء اقتحام منزل دوبريك، يُحكم عليهما بالإعدام. لكن لوبين يعرف الحقيقة: واحدٌ منهما بريء، والآخر مذنب. وسط مطاردة يائسة في باريس وخارجها، يسابق لوبين الزمن لإنقاذ بريء من المشنقة والكشف عن أسرار دوبريك المخيفة.\"', '2025', 'خيال', 4.6, 100.00, '1752600899.webp'),
(55, 'بيرسي جاكسون والألمبيون ج3 (لعنة التيتان)', 'ريك ريوردان', 'كتاب بيرسي جاكسون والألمبيون ج3 (لعنة التيتان) بقلم ريك ريوردان ... يُعاود بيرسي جاكسون خوض مغامرةٍ جديدة، ولكنَّ هذه المغامرة ليست كسابقاتها. ففي هذه الرواية، يجد بيرسي نفسه في مواجهة خطرٍ قديم وجسيم، ونبوءة تحمل في طياتها هلاك الآخرين، ومهمة إنقاذ تحفها الأخطار من كل صوب. تمزج رواية لعنة التيتان بين التشويق والدراما، وتكشف عن أسرارٍ جديدة ظلَّت طيَّ النسيان منذ زمنٍ بعيد، وتدور في عالم مليء بالمفاجآت والوحوش الأسطورية. بينما تتكشَّف الأسرار، يجد بيرسي نفسه في سباقٍ مع الزمن. ما هي لعنة التيتان؟ وما الشر القديم الذي بُعث من جديد؟ وماذا تحمل نبوءة العرافة في طيَّاتها؟ وهل سيتمكن بيرسي وأصدقاؤه من إنقاذ عالمٍ على شفا الهلاك؟', '2025', 'خيال', 4.5, 200.00, '1752600956.webp'),
(56, 'أرض زيكولا', 'عمرو عبد الحميد', 'كتاب أرض زيكولا بقلم عمرو عبد الحميد ... يقولون : الحب اعمى .. وهو يقول : ( اصابني العمي حين احببت ) .. و لكن ماذا يفعل ها هو قد احب و حدث ما حدث و ها هو يجلس كل يوم في حجرته ليكتب مجددا . ((أنا خالد حسني ثمانية و عشرون عاما خريج كلية تجارة القاهرة منذ ستة اعوان بلدي يسمى (( البهوفريك )) تابع لمحافظة الدقهلية و اليوم قد رفض زواجي بحبيبتي للمرة الثامنة و لنفس السبب)) ثم نظر إلى الحائط و قد قام بتعليق الورقة بجورا سبع ورقات أخرى يبدو انها علقت في اوقات سابقة.', '2010', 'فانتزيا', 4.3, 60.00, '1752601316.webp'),
(57, 'لعنة لحب حقيقي', 'ستيفاني جاربر', 'كتاب لعنة لحب حقيقي بقلم ستيفاني جاربر ... \"نخبُ الحب.. ولعناتُه ثلاثة أقدار متشابكة الخيوط: شريران، وفتاة. يخوضون معركة ملحمية تتخللها الخيانات والسحر والدماء للوصول إلى خاتمة سعيدة. انطلقت إيڤانچيلين فوكس نحو الشمال المذهل، بحثًا عن نهاية سعيدة، وبدا كأن القدر منحها ما كانت تصبو إليه أخيرًا. فها هي ذي زوجة لأمير وسيم، وتعيش في قلعة تحيط بها الأساطير وتغمرها الأحلام. لكنَّ في خبايا هذا الحلم، سرًّا مظلمًا لم تُدركه بعد.. فقد دفع قلبها ثمنًا باهظًا مقابل ذلك الواقع. إنها لا تعرف حتى الآن ما فقدته، وزوجها يبذل كل جهدٍ كي لا تنكشف أمامها الحقيقة ويظلُّ السرُّ طي الكتمان. لكن عليه أولًا أن يتخلص من چاكس، أمير القلوب. سَتُـراق الدماء عـلى عتبات العشق، وستُسلب القلوب، أما الحب الحقيقي فسيُوضع على المحك في \"\"لعنة لحب حقيقي\"\". إنه الفصل الأخير الذي طال انتظاره لثلاثية \"\"حكاية قلب محطم', '2025', 'فانتزيا', 4.7, 100.00, '1752601474.webp'),
(58, 'الارتقاء السحري 2 (دماء الأبرياء)', 'ميتشل هوجان', 'كتاب الارتقاء السحري 2 (دماء الأبرياء) بقلم ميتشل هوجان ... تحكي الرواية عن كالدان الذي ُيقتل والداه بوحشية، ويقوم الرهبان بتربيته، وتعليمه ألغاز السحر الغامضة. يتعهد كالدان بكشف سر قتل والديه، وما الذي أدى إلى تلك النهاية العنيفة؛ لتدفعه هذه الفوضى غر المألوفة إلى حياة المدينة، ليجد نفسه أي شيء سوى بعض الموروثات الغامضة، وحفنة من العمات المعدنية، وفوق كل هذا عليه إثبات موهبته لانضمام إلى نقابة السحرة، ينغمس كالدان في صراع قديم سيجلب العالم إلى حافة الدمار. ثم يكون عليه اختيار أحد الجوانب، ومواجهة التكلفة الحقيقية للكشف عن ماضيه', '2023', 'فانتزيا', 4.6, 90.00, '1752601527.webp'),
(59, 'أبادول', 'حنان لاشين', 'كتاب أبادول بقلم حنان لاشين ... \"في بقعة من بقاع مملكة البلاغة، وحيث الضَّباب الكثيف يلفُّ كلَّ شيء وقد لاحت به خيالات غامضة وكأنَّ فرسان الأزمنة التَّليدة يمرون به، وقف حفيد \"\"أبادول\"\" الأكبر وقلبه يختلج بين أضلعه والدُّموع لا تزال عالقة بأهدابه، اخترق صوت الشَّيخ الجليل أذنيه وهو يقول بصوت مفعم بالحزن: \"\"ابسط يدك يا \"\"أنس\"\"، لا بدَّ من القسم فالأمر جدٌّ خطِرٌ! أرجوك ردد خلفي عهد المحاربين\"\". أومأ \"\"أنس\"\" ورمش بعينيه في صمت وكان قلبه يخفق خفقًا، واستعدَّ لترديد ذلك القسم الذي ردده جدُّه من قبل ليكون عهدًا يلتزمه إلى الأبد، بلَّلَ شفتيه وردد خلفه: \"\"أقسم بربِّ الأرباب ألَّا أبوح بسرِّ \"\"مدينة الرباب', '2025', 'فانتزيا', 4.5, 70.00, '1752601584.webp'),
(60, 'الارتقاء السحري 3 (إمبراطورية متصدعة)', 'ميتشل هوجان', 'كتاب الارتقاء السحري 3 (إمبراطورية متصدعة) بقلم ميتشل هوجان ... تحكي الرواية عن كالدان الذي ُيقتل والداه بوحشية، ويقوم الرهبان بتربيته، وتعليمه ألغاز السحر الغامضة. يتعهد كالدان بكشف سر قتل والديه، وما الذي أدى إلى تلك النهاية العنيفة؛ لتدفعه هذه الفوضى غر المألوفة إلى حياة المدينة، ليجد نفسه أي شيء سوى بعض الموروثات الغامضة، وحفنة من العمات المعدنية، وفوق كل هذا عليه إثبات موهبته لانضمام إلى نقابة السحرة، ينغمس كالدان في صراع قديم سيجلب العالم إلى حافة الدمار. ثم يكون عليه اختيار أحد الجوانب، ومواجهة التكلفة الحقيقية للكشف عن ماضيه. ثلاثية الارتقاء السحري', '2023', 'فانتزيا', 4.3, 100.00, '1752601650.webp'),
(61, 'لعبة العروش', 'جورج ر. ر. مارتن', 'كتاب لعبة العروش بقلم جورج ر. ر. مارتن ... في «لُعبة العروش» يبدأ چورچ ر. ر. مارتن ملحمته الكُبرى «أغنيَّة الجليد والنَّار»، صانعًا تُحفةً أصيلةً تحوي أفضل ما في أدب الفانتازيا من تشويقٍ وغموض ومغامرة على مستوًى يتجاوز الواقع إلى رحاب الخيال الخصب، ومع ذلك لا يقلُّ واقعيَّةً عن أيٍّ من القصص الإنسانيَّة الأخرى، وهو ما أوقعَ ملايين من عُشَّاق الفانتازيا حول العالم في غرام كتابته. في عالمٍ يدوم فيه الصَّيف أعوامًا والشِّتاء عُمرًا بأكمله، تبدأ سُلطة الملك الحاكم في الجنوب تتداعى بعد الظروف الغامضة المحيطة بموت يده اليُمنى الذي خدمه طويلًا بإخلاص، فلا يجد خيارًا إلَّا اللُّجوء إلى أوفى أصدقائه وآخرهم ليعاونه على حُكم البلاد، ويُقرِّر الصَّديق القبول ليَعثُر على حقيقة موت الرَّجل الذي كان بمثابة أبٍ لهما. وفيما تهبُّ الرِّياح الباردة من الشَّمال منذرةً بعودة خطرٍ قديم يُهدِّد بهلاك العالم كلِّه، تدور في قلعة الحُكم عجلة المؤامرات والمكايد بين الحُلفاء والأعداء، ويبدأ صراعٌ جديد على العرش الحديدي. لكن في لُعبة العروش لا تُوجَد منطقةٌ وُسطى، فإمَّا أن تفوز وإمَّا أن تموت.', '2025', 'فانتزيا', 4.7, 150.00, '1752601719.webp'),
(62, 'خوف', 'أسامة المسلم', 'كتاب خوف بقلم أسامة المسلم ... نعيش اليوم في عالم مشبع بالماديات , التي تغشى ابصارنا عن عالم اخر... عالم مواز واكثر ظلمة .. عالم يختفي خلف العمى .. عمى اصاب معظمنا.', '2018', 'رعب', 4.5, 70.00, '1752601859.webp'),
(63, 'أكتب حتى لا يأكلني الشيطان', 'مريم الحيسي', 'كتاب أكتب حتى لا يأكلني الشيطان بقلم مريم الحيسي ... تتحدث الرواية عن كاتبة روايات رعب \"ماريانا\" بعد ان تعيش حياتها كمؤلفة ناجحة ذات صيت حتى يأتي ذات يوم يتم اختطاف ماريانا من قبل شخص ملقب بالشيطان ! بعد ان قتل الكثير من كاتبين روايات الرعب بدون ان يجدو لهم اي جثث لذلك تقول الاقوال بان الشيطان يأكل المؤلفين الذين لم تعجبه قصصهم ! تبدأ رحلة ماريانا في جحيم الشيطان عندما تستيقظ ويجبرها على كتابة الكثير من قصص الرعب له والا ستموت بأبشع الطرق !!! هل تستطيع ماريانا النجاة وهل الكتابة ستنقذها من هذا الجحيم ؟!', '2024', 'رعب', 4.6, 70.00, '1752601994.webp'),
(64, 'الجزار', 'حسن الجندي', 'كتاب الجزار بقلم حسن الجندي ... هناك طريق نختاره بإرادتنا.. وعندما نسير فيه نفقد تلك الإرادة', '2018', 'رعب', 4.3, 70.00, '1752602331.webp'),
(65, 'غرفة جدتي', 'محمد شنيف', 'كتاب غرفة جدتي بقلم محمد شنيف ... رواية إثارة ورعب، تدور أحداثها في فترة جائحة فايروس كورونا وما شكلته من شلل تام للحياة، حينما تتريص غرفة في منزل بكل ساكنيه، فيعيشوا معها ليالي مليئة بالرعب والخوف والإثارة، حتى تصبح لغز غامض ومخيف، يحاول جميع سكان ذلك المنزل، فك طلاسم تلك الغرفة والرؤى المرعبة التي تزور كل من ينام بها، وهي لا تتوقف عن ألغازها ومشاهدها التي تبثها كل ليلة', '2024', 'رعب', 4.5, 70.00, '1752602371.webp'),
(66, 'أنتامافوبيا', 'عبد العزيز السيهاتي', 'كتاب أنتامافوبيا بقلم عبد العزيز السيهاتي ... يتلقى نادي الرعب رسائل غامضة تحتوي قصص رعب تتعلق بأبواب خضراء مختلفة و بعد أنهائهم القصص تحدث لهم أمور غامضة و مشؤومة و مميتة مشابهة للقصص التي قرأوها.', '2024', 'رعب', 4.2, 70.00, '1752602407.webp'),
(67, 'جريمة عائلية', 'راويه طه', 'كتاب جريمة عائلية بقلم راويه طه ... [تخيل أن تصبح للحظة محققًا في جريمة قتل بدون الاقتراب أو التصوير، وحياتك تعامد على هذه القضية.]', '2025', 'جريمة', 4.3, 100.00, '1752603052.webp'),
(68, '56 يوما', 'كاثرين ريان هوارد', 'كتاب 56 يوما بقلم كاثرين ريان هوارد ... «لم يعرف أحد حتى أنهما كانا معًا. والآن، أحدهما ميت». قبل 56 يومًا تلتقي \"كيرا” بـ “أوليفر\" في طابور سوبرماركت في دبلن ويبدآن المواعدة في الأسبوع نفسه الذي يبلغ فيه كوفيد - 19- السواحل الإيرلندية. قبل 35 يوما عندما يهدّد الحجر الصحي بتباعدهما، يقترح أوليفر أن ينتقلا للعيش معًا. تجد كيرا فرصة فريدة لازدهار العلاقة بعيدًا عن أنظار العائلة والأصدقاء. بينما يجد أوليفر فرصة لإخفاء هويته الحقيقية. اليوم يصل المحققون إلى شقة أوليفر ليكتشفوا جثة متحللة في الداخل. هل يمكنهم تحديد ما حدث بالفعل، أم أن الحجر الصحي قد أتاح الفرصة لشخص ما لارتكاب الجريمة الكاملة؟', '2025', 'تشويق', 4.5, 100.00, '1752603149.webp'),
(69, 'جاز وروك', 'ميرنا المهدي', 'كتاب جاز وروك بقلم ميرنا المهدي ... «دندنت أغنية إلفيس بريسلي ونزلت إلى المطبخ. تأملت ترتيبه وهي تضع يديها على خصرها بفخر. لا أطباق متسخة في الحوض، والأرض تبرق من فرط النظافة، والحوائط صارت تلمع، ورأس زوجها مدفون في حوض الزرع. أليس هذا حلم كل زوجة عاقلة؟! أما هو فوضع سماعتَي الووكمان على أذنيه وقرع الدرامز على إيقاع أغنية فرقة ذا رولينج ستونز، وهو يراقب صديقته تخفي دليل إدانته.» ما الرابط بين زوجة تحب الجاز في الستينيات، ومراهق يعشق الروك في الثمانينيات؟ وهل هناك أغانٍ مشتركة في قائمتيهما الموسيقيتين؟ هذا ما ستكتشفه في الجزء الأول من سلسلة قائمة أغاني السفّاح المثالي والذي يحتوي على طبعة جديدة معدلة من \"ثلاثة عشر\" و\"روك أند رول\".', '2025', 'تشويق', 4.5, 60.00, '1752603232.webp'),
(70, 'صديقي السيكوباتي', 'ميرنا المهدي', 'كتاب صديقي السيكوباتي بقلم ميرنا المهدي ... اندفعت الطلقة من فوهة مسدس سالم وقد أخرس دويها كاتم صوت السلاح الذي كان يخبئه بجرابه في سرواله من الخلف - كالعادة - لتستقر الرصاصة بمنتصف جبين الطبيبة التي ظنت نفسها فطِنة حين تركتهما يقصان عليها تفاصيل كل ما عاشاه من مآسٍ، وتظاهرت بالاستيعاب والحكمة والتعاطف والتفاهم، وطلبت منهما صورًا من البطاقة لتسليمهما إلى السلطات. انفرجت ملامح هادي حين رأى خط الدماء الرفيع ينزل من جبين وجهها المحقون بالبوتوكس، ثم همس إلى سالم بحماس منقطع النظير: -أنا اللي هقتل الممرضة. هز سالم رأسه بلامبالاة، ثم أخذ المِرمدة التي دفن بها سجائره طيلة الجلسة، ووضعها في كيس بلاستيكي أخرجه من جيبه، ثم همَّ أن ينهض ليأخذ دفتر الملاحظات الراقد بين يدَي الطبيبة القتيلة ويمزق كل الأوراق التي كتبت فيها سلوان عنهما حتى لا يترك أي دليل ضدهما. انتبه هادي لحالة صديقه، فاستوقفه قائلًا: -ما تصدقهاش يا سالم. إحنا مش سيكوباتيين، المجتمع هو اللي عايش دور الضحية.', '2025', 'تشويق', 4.3, 70.00, '1752603276.webp'),
(71, 'قاتل ضفاف النيل', 'محمد فؤاد عيسي', 'كتاب قاتل ضفاف النيل بقلم محمد فؤاد عيسي ... ماذا لو عثرت على مُذكّراتٍ قديمةٍ تكشفُ جرائمَ مرعبةً حدَثت منذ قرنٍ مضى؟ يكتَشفُ \"فؤاد الروبي\" أثناءَ التفتيش في مقتنيات شقَّةِ العائلةِ في العبّاسيةِ دفترَ مذكّراتِ والِده، الضابِط \"عبد القادر الرُّوبي\"، الذي يوثق سلسلة جرائِم مروّعة وقَعت في مدينة \"طنطا\" عامَ 1920. جُثةٌ مشوَّهةٌ؛ رأسٌ وكفٌّ في جِوال \"خيش\" يَطفُو بالنيلِ، ورُعبٌ يسيطرُ على القريةِ. في هذه الرواية: لغزٌ معقَّدٌ لأربعُ جرائمَ قتلٍ مُتسلسلَة بأسلوبٍ مروِّعٍ. ضابطٌ يتحدى القاتل بمساعدةِ الطبيبِ الشرعيِّ الإنجليزيِّ \"سميث\". دوافِعُ غامِضةٌ لجرائمُ متباعدة كحالةِ انتقامٍ تحولت إلى لذّةٍ مرَضيةٍ بالقتلِ. رواية مثيرة وأحداث مشوقة تجعلك مترقبا طوال الصفحات تتسائل: هل نجح \"عبد القادرِ الروبي\" في كشفِ القاتِلِ وقتها؟ أم بقيت ّالأدلةَ لُغزًا غامِضًا حتى الآن؟', '2025', 'جريمة', 4.3, 70.00, '1752603328.webp'),
(72, 'بدافع القتل', 'أنتوني هورويتز', 'كتاب بدافع القتل بقلم أنتوني هورويتز ... عندما حصلت المحررة سوزان رايلاند على مخطوطة أحدث روايات مؤلفها آلان كونواي، لم يكن لديها أي سبب للاعتقاد بأنها ستكون مختلفة كثيرًا عن أي من رواياته السابقة، أثبتت روايات آلان نجاحها الكبير، مما أجبر سوزان على تحمل سلوك آلان المزعج إذا أرادت الاحتفاظ بوظيفتها. أحدث روايات آلان تدور حول جريمة قتل في قصر بالريف الإنجليزي الهادئ، نعم هناك جثث ومجموعة مثيرة من المشتبه فيهم، ولكن كلما قرأت سوزان أكثر أيقنت بوجود قصة أخرى مخبأة في صفحات المخطوطة قصة غيرة مدمرة، وجشع لا نهائي، وطموح لا يوقفه شيء، وقتل...', '2024', 'جريمة', 4.5, 80.00, '1752603526.webp'),
(73, 'بيت الخناس', 'معن بن هلال الهنائي', 'كتاب بيت الخناس بقلم معن بن هلال الهنائي ... على مدى صفحات الرواية سينتابك القلق و الحيرة حول شخصية المجرم ، في كل مرة تتوقع فيها أن الشر قد أنتهى، ستقودك الاحداث إلى مسار اخر مليء بالغموض و التعقيدات. وراء تلك الجدران المشققة سلسلة جرائم شنيعة، تفاصيلها موجعة وراء تلك الجدران المشققة طلاسم مكتوبة بلغة مشفرة. رواية ستقودنا إلى عالم أخر يحتوي على أسرار خطيرة و شفرات لا يمكن فكها إلا بطرق قد تؤدي إلى الهلاك الحتمي', '2024', 'تشويق', 4.5, 70.00, '1752603577.webp'),
(74, 'سكوربيوس', 'شهد قربان', 'كتاب سكوربيوس بقلم شهد قربان ... لعنة سوداء .. ضحيتها دارلين التي عاشت سبعة عشر عاماً تتجرع الحقد والبغضاء من حولها دون أن تعلم أنها ملعونة من قِبَل ملك الشياطين سكوربيوس، لثأرٍ قديم بينه وبين ساحرة ألحقت به الهزيمة وحبسته، لكنّ القدر يقود دارلين لتحريره، ليس لتواجه حقيقة لعنتها وحسب بل حقيقة كونها قرينة أناصوفيا، أقوى ساحرة في التاريخ ... وحبّ سكوربيوس الأوّل، ما الذي سيحدث عندما يتقابلا؟ وما الذي سيفعله سكوربيوس عندما يُضطر للعيش مع دارلين في عالم البشر الذي يرغب بتدميره؟', '2023', 'تشويق', 4.6, 100.00, '1752603623.webp'),
(75, 'العرين', 'دعاء الجدعاني', 'كتاب العرين بقلم دعاء الجدعاني ... تبدأ القصة بحياة مجموعة اطفال طبيعيين في مدينة صغيرة يرغبون بالعلم رغم الامكانيات الضعيفة بالمكان فيذهبون الى شيخ منبوذبالخفاء لتلقي قصصه وعلمه ومن بينهم بطل القصة الذي شغفه العلم والرغبة بمعرفة المجهول. كان الشيخ لطيفا ورغم لطفه كانت قصصه جميلة وفيها الكثير من الغرائب. ولكن كان هناك شيء خفي يتربص بهم وينتظر اللحظة المناسبةللظهور فكانت الضحية ( بطل القصة ) لأجل المجهول نفعل كل شيء', '2024', 'تشويق', 4.5, 70.00, '1752603657.webp'),
(76, 'قضية ست الحسن ( تحقيقات نوح الألفي )', 'ميرنا المهدي', 'كتاب قضية ست الحسن ( تحقيقات نوح الألفي ) بقلم ميرنا المهدي ... تُذبح طالبة بطريقة بشعة، وتُترك في سيارتها بميدان التحرير. صحفي شهير يتحول إلى رماد، والعجيب أن النيران لم تمس شيئًا آخر في شقته، ورسالة من مجهول مكتوبة على الحائط وراءه: «الله أكبر». زوجة منتج شهير تُلقى من شرفتها ليلة رأس السنة. وأخيرًا، تسمُّم 15 من أطفال الشوارع في ظروف غامضة. ضابط عادي كان سيقف عاجزًا أمام ملابسات هذه القضايا، لكن نوح الألفي - الذي تعرَّض لحادث جعله يبصر غوامض لا يراها غيره - وزميله قطز، ليسا ضابطين عاديين. معهما نبدأ الكتاب الأول من سلسلة «تحقيقات نوح الألفي»', '2022', 'جريمة', 4.5, 70.00, '1752603905.webp'),
(77, 'الظل', 'أحمد كامل', 'كتاب الظل بقلم أحمد كامل ... محقق شرطة محترف يواجه قضية صعبة جدًا، ومع بدأ التحقيقات يجد نفسه في مواجهة مع مجرم محترف! يستخدم كافة الحيل النفسية والألاعيب العقلية كي يؤثر بها على المحقق، وبمرور الوقت يكتشف المحقق أنه يعلم جميع الحيل التي يستخدمها المتهم عليه، لتبدأ الحرب النفسية بينهما، كلا منهما يريد السيطرة على الآخر... فكيف تكون نهايتهما؟', '2025', 'جريمة', 4.6, 80.00, '1752603987.webp'),
(78, 'قلب ودم', 'فدك ياسين', 'كتاب قلب ودم بقلم فدك ياسين ... جود وورود هى معرفةً منذ الطفولة...صديقتان مقربتان؛ قُتلت جود في احد الأيام الدراسية داخل دورات مياه الجامعه...يصل الخبر الى المحقق حمد ويذهب لرؤية الجريمة ولكنه يتفاجئ من كون صديقتها المقربة ابنة صديق والده، يحاول معرفة ماحدث منها ولكنه يشعر بأن ورود تخفي شيئًا... في يوم تأتي رسالةً من جود الميته الى ورود تجعلها تقرر الإفصاح بكل مافي جعبتها فمالذي سيحصل؟', '2023', 'جريمة', 4.3, 70.00, '1752604033.webp'),
(79, 'جريمة خلف الكواليس', 'هاجر عبدالسلام', 'كتاب جريمة خلف الكواليس بقلم هاجر عبدالسلام ... هل تريدين أن تعرفي سبب عدم قدرتك على التواصل مع زوجك؟ هاتفيني الآن على هذا الرقم..》 رسالة واحدة تلقتها دليلة.. كانت كفيلة بأن على تغير كل شيء رأسًا على عقب تجاهل الرسالة لم يكن خيارًا، فهل تشعر أن الإجابة تحمل خطرًا أكبر مما تتخيل؟ في عالمها تتحول الأحداث إلى شبكة من الأكاذيب والأسرار.. الحقائق المظلمة من الأفضل أن تبقى مخفية.. فهل لديك الشجاعة لمواجهة الحقيقة؟ السر ينتظر من يجرؤ على كشفه... قريبًا!', '2025', 'جريمة', 4.5, 80.00, '1752604077.webp'),
(80, 'تغريب', 'أشواق اللواتي', 'كتاب تغريب بقلم أشواق اللواتي ... في محاولات يائسة للبحث عن الاستقرار، تبني نادين لنفسها حياة في لندن. تتزوج وتؤسس حياة مهنية تنجيها من العودة إلى بيروت. بينما يهرب نور من الكوابيس التي تلاحقه في القاهرة إلى مدينة الضباب. يحتمي بالعمل والصحبة ويظن أنه الخلاص. يلتقي المغتربان فتأنس وحدتهما، ويُدفع كلاهما إلى العودة إلى الماضي', '2025', 'اجتماعية', 4.3, 80.00, '1752604687.webp'),
(81, 'مكتبة الكلمات المفقودة', 'ستيفاني باتلاند', 'كتاب مكتبة الكلمات المفقودة بقلم ستيفاني باتلاند ... لافداي محبة حقيقية للأدب، بل تفضِّل الكتب على البشر، وإذا تمعنت بعناية، فقد تلمح الأسطر الأولى من رواياتها المفضلة موشومة على جلدها. لكنْ هناك بعض الأشياء التي لن تكشفها لافداي أبدًا. قبل خمسة عشر عامًا، فقدت لافداي كل ما كانت تملكه وتحبه في ليلة واحدة مصيرية، وقادها هذا الحدث الرهيب إلى أن تحول المكتبة التي تعمل فيها إلى ملجأها الوحيد. لكن كل شيء على وشك التغيير: يصل إلى المكتبة التي تعمل بها شاعر، وحبيب سابق، وثلاثة صناديق غامضة ممتلئة بالكتب. يبدو أن شخصًا ما يعرف ماضيها المبهم، ويحاول أن يرسل إليها رسالة، ولم يعد بوسعها الاختباء بعد الآن. يتعين على لافداي أن تقرر من يمكنها أن تمنحه ثقتها. هل ستستطيع تجاوز ماضيها؟ وهل يمكنها أنتجد الشجاعة لتصحيح خطأ مفجع؟ وهل ستجد الكلمات لتحكي قصتها الخاصة؟ رواية رائعة عن الأسرة والحب والخسارة وتقبُّل الماضي من خلال سحر الأدب.', '2025', 'اجتماعية', 4.6, 100.00, '1752604778.webp'),
(82, 'المحك', 'إيدث وارتون', 'كتاب المحك بقلم إيدث وارتون ... رواية تتلاشى في عمقها حدود النفس الإنسانية والشغف والخيانة والغفران بين الكلمات والأحداث. نتابع فيها خيوط حكاية ستيفن غلينارد، المحامي الشاب الذي باع كنزاً عاطفيًّا خطّته له الروائية مارغريت أوبين بحبر روحها، ليحقق حُلمه في الزواج من الفتاة التي أسرت قلبه. يواجه ستيفن خيارًا صعبًا من الناحية الأخلاقية، لكنه يتخذ الخطوة التي يعتقد أنها صحيحة، ليدخل بعدها متاهة المرايا التي عرّته. تتشابك الخيوط الإنسانية مع محاولاته إعادة تجميع ذاته المتشظية، باحثًا في أعين الآخرين عن الغفران والسكينة والقبول \"المِحَك\" للكاتبة العظيمة إيدث وورتن، ليست مجرد سردٍ أدبي، إنما قطعة فنية تجسّذ الإنسانية بكل جمالها وتعقيداتها، وقصة عميقة تعزف على أوتار الروح البشرية ببراعة متناهية، ورواية تحمل إرثًا أدبيًّا يتنفس جمالًا وحقيقة حدّ الألم', '2023', 'اجتماعية', 4.3, 100.00, '1752604922.webp'),
(83, 'رجال في الشمس', 'غسان كنفاني', 'كتاب رجال في الشمس بقلم غسان كنفاني ... \"رجال في الشمس\"، هي الصراخ الشرعي المفقود، إنها الصوت الفلسطيني الذي ضاع طويلاً في خيام التشرد، والذي يختنق داخل عربة يقودها خصي هزم مرة أولى وسيقود الجميع إلى الموت. وهي كرواية لا تدعي التعبير عن الواقع الفلسطيني المعاش في علاقاته المتشابكة، إنها إطار رمزي لعلاقات متعددة تتمحور حول الموت الفلسطيني، وحول ضرورة الخروج منه باتجاه اكتشاف الفعل التاريخي أو البحث عن هذا الفعل انطلاقاً من طرح السؤال البديهي: \"لماذا لم يدقوا جدران الخزان.\"', '2025', 'اجتماعية', 4.5, 80.00, '1752605242.webp'),
(84, 'الجريمة والعقاب (جزئين)', 'دوستويفسكي', 'كتاب الجريمة والعقاب (جزئين) بقلم دوستويفسكي ... حلق الأدب الروسي عاليا في سماوات اللغات الأخرى، وأثر تأثيرا كبيرا في حركة الأدب العالمية، ودوستويفسكي نجم هائل لا ينطفئ وهجه أبدا في سماء الأدب الروسي والعالمي، و\"الجريمة والعقاب\" لؤلؤة دوستويفسكي الثمينة التي تطرح الجدل البشري الأزلي الأبدي حول الخير والشر، حول مرتكب الجريمة واللعنة التي تطارده، حول صرخة البرئ التي تظل عالقة في الأثير حتى بعد الرحيل. وصفت \"الجريمة والعقاب\" بأنها رواية فلسفية، وبأنها رواية نفسية، بل وصفت بأنها \" الرواية النفسية\" بألف لام التعريف. لكن الجميع قرأها، من المتخصصين بشدة في المجالين إلى القراء النهمين في كل بقعة في العالم. إنها رواية دوستويفسكي الطويلة الثانية بعد عودته من منفى عشر سنوات في سيبيريا، وتصنف بالرواية العظيمة الأولى في مرحلة الكتابة الناضجة لديه. صدرت الرواية لأول مرة منشورة كاملة عام 1867م وذلك بعد نشرها مسلسلة عام 1866م. إنها مكنونات النفس البشرية وهواجسها وأحلامها وخطاياها مسطورة في رواية واحدة. \"الجريمة والعقاب\" الرواية الحية الباقية، الثابتة في كل لوائح العالم حول أهم الروايات التي ألفها البشر. الرواية المقروءة دائما، في طبعة جديدة من آفاق', '2017', 'اجتماعية', 4.8, 120.00, '1752605315.webp'),
(85, 'القاهرة الجديدة', 'نجيب محفوظ', 'كتاب القاهرة الجديدة بقلم نجيب محفوظ ... يواجه محجوب عبد الدائم أزمة اقتصادية تجعله ساخطًا على وضعه الاجتماعي ومُستعدًّا لعمل أي شيء يساعده على الإثراء والقفز لمناصب أرفع وأرقى، حتى لو كلَّفه ذلك الزواج الصوريّ من جارته إحسان عشيقة «الباشا» السرية حتى يكفل لهما سبيلًا آمنًا للقاء الحميمي، إيمانًا منه بمبدئه الأخلاقي القائل في مقابَلة فجة مع زملائه المؤمنين بالتيار الإسلامي أو المذهب الاشتراكي لتجسيد الحراك السياسي والمعاناة الطبقية في أقبح تجلياتها. نُشرت الرواية عام 1946، وانتقلت لشاشة السينما في فيلم «القاهرة 30» للمخرج صلاح أبو سيف عام 1966.', '2022', 'اجتماعية', 4.6, 75.00, '1752605449.webp'),
(86, 'ثلاثية غرناطة', 'رضوى عاشور', 'كتاب ثلاثية غرناطة بقلم رضوى عاشور ... \" تجعل حقائق التاريخ تنتفض أمامنا حارة دافقة \". على الراعى \"إضافة قيمة إلى الرواية العربية\" محمود أمين العالم \"اللغة في غرناطة هى الذاكرة. ومن هنا هذا الاحتفاء الكبير بجلال اللغة ورصانتها وإيقاعها وشاعريتها ومن هنا هذا المعجم الواسع، ومتعدد المقاصد فى السرد والوصف معًا\". لطيفة الزيات \"عندما تترك (الكاتبة) المجال لخيالها تكتب أدبًا حقيقيًا لم يخطه قلم من قبل\". صلاح فضل \"تدخل بكتابة المرأة إلى مجال الرواية التاريخية ثلاثية ضافية، بعد أن ظلت ثلاثية نجيب محفوظ عملاً فريداً في هذا المضمار لسنوات طويلة\". صبرى حافظ \"حين ينتهى المرء من قراءة غرناطة لابد أن تعتريه قشعريرة فى الروح\". فريدة النقاش', '2019', 'اجتماعية', 4.6, 70.00, '1752605495.webp'),
(87, 'واحة الغروب', 'بهاء طاهر', 'كتاب واحة الغروب بقلم بهاء طاهر ... هذه الرواية حاصلة على الجائزة العالمية للرواية العربية (جائزة البوكر) 2008، وقد طبع منها 3 طبعات خلال سنة . يعود « بهاء طاهر» فى روايته الجديدة والبديعة «واحة الغروب» والتى لاقت نجاحا جماهيريا واستحسانا نقديا كبيرا، إلى نهايات القرن التاسع عشر، وبداية الاحتلال البريطانى لمصر، حيث يُرسل ضابط البوليس المصرى محمود عبدالظاهر، إلى واحة سيوة لشك السلطات فى تعاطفه مع الأفكار الثورية لجمال الدين الأفغانى وأحمد عرابى، فيصطحب زوجته الأيرلندية «كاثرين» الشغوفة بالآثار، والتى تبحث عن مقبرة الإسكندر الأكبر، لينغمسا فى عالم جديد شديد الثراء والخصوصية يجبرهما وأهل الواحة على مواجهة أنفسهم فى زمن اختلطت فيه الانتهازية والخيانة والرغبة بالحب والبطولة. تعكس أحداث الرواية أيضا مزجا إبداعيا بين الماضى والحاضر والموضوعى والتاريخ والواقع يعبر عن هموم الوطن كما يقدم تجربة العلاقة بين الشرق والغرب على المستويين الإنسانى والحضارى بما فيها من صراع وتوافق.', '2007', 'تاريخي', 4.5, 80.00, '1752605952.webp'),
(88, 'ساق البامبو', 'سعود السنعوسي', 'كتاب ساق البامبو بقلم سعود السنعوسي ... وفي الرواية، تأتي جوزافين للعمل في الكويت كـ \"خادمة\" تاركة دراستها وعائلتها، والدها، وأختها التي أصبحت أماً لتوّها آنذاك، وأخاها وزوجته وأبناءهما الثلاثة، وهم يعقدون آمالهم على جوزافين، لتضمن لهم حياة كريمة، بعد أن ضاقت بهم السبل. \"ساق البامبو\"، عمل روائي جريء، يقترب بموضوعية من ظاهرة العمالة الأجنبية في البلدان العربية، وما ينجم عن هذه الظاهرة من علاقات، نجح الروائي في كشف بعضٍ من كواليسها، بواقعية، وبخطاب روائي عميق في مضمونه ودلالاته، وأحداثه وأمكنته، ما حقق لنا متعة مزدوجة، هي متعة الحكاية والخطاب في آن معاً. وعليه، تكون \"ساق البامبو\" زمناً للقراءة والحياة في النص الجميل. والجدير بالذكر أن هذه الرواية للروائي الكويتي سعود السنعوسي هي ضمن القائمة القصيرة للجائزة العالمية للرواية العربية البوكر 2013.', '2018', 'تاريخي', 4.6, 70.00, '1752606000.webp'),
(89, 'أولاد حارتنا', 'نجيب محفوظ', 'كتاب أولاد حارتنا بقلم نجيب محفوظ ... \"أولاد حارتنا\" تُعد إحدى أشهر رواياته وكانت إحدى المؤلفات التي تم التنويه بها عند منحه جائزة نوبل، أثارت الرواية جدلاً واسعًا منذ نشرها مسلسلة في صفحات جريدة الأهرام 1959، وصدرت لأول مرة في كتاب عن دار الآداب ببيروت عام 1962، ولم يتم نشرها في مصر حتى أواخر عام 2006. وكانت رواية أولاد حارتنا هي السبب في محاولة اغتيال نجيب محفوظ وتحديدًا في عام 1994، بعد يوم من ذكرى الجائزة - تعرض للهجوم والطعن في رقبته من قبل اثنين من المتطرفين خارج منزله في القاهرة، ونجا منه، لكنه عانى من عواقبه حتى وفاته في عام 2006. تتتبع الرواية عائلة الجبلاوي، الذي يعيش في بيته الكبير المحاط بالحدائق والأسوار العالية ومن حوله أبناؤه وأحفاده الذين يتنازعون على الوقف، فيما يسيطر الفتوات على الحارة ويحولون بين أبناء الجبلاوي وبين جنته الأرضية، وبرغم فقرهم والظلم الذي يتعرضون إليه لا يفقدون الأمل في خروج الجبلاوي من عزلته لتوزيع تركته وتخليصهم من بطش الفتوات', '2022', 'تاريخي', 4.5, 80.00, '1752606059.webp'),
(90, 'عزازيل', 'يوسف زيدان', 'كتاب عزازيل بقلم يوسف زيدان ... \"هذه الرواية عمل مبدع وخطير، مبدع لما يحتويه من مناطق حوارية إنسانية مكتوبة بحساسية مرهفة تمتزج فيها العاطفة بالمتعة، وخطير لأنه يتضمن دراسة في نشأة وتطور الصراع المذهبي بين الطوائف المسيحية في المشرق.. إن يوسف زيدان يتميز بالموهبتين، موهبة المبدع وموهبة الباحث، وكثيرا ما تتداخل الموهبتان في هذا العمل\" «سامي خشبة» \"لو قرأنا هذه الرواية قراءة حقيقية، لأدركنا سمو أهدافنا ونبل غاياتها الأخلاقية والروحية التي هي تأكيد لقيم التسامح وتقبل الآخر، واحترام حق الختلاف، ورفض مبدأ العنف. ولغة الرواية لغة شعرية، تترجع فيها أصداء المناجيات الصوفية، خصوصا حين نقرأ مناجاة هيبا لربه\". «د. جابر عصفور» \"يوسف زيدان هو أول روائي مسلم، يكتب عن اللاهوت المسيحي بشكل روائي عميق، وهو أول مسلم يحاول أن يعطي حلولا لمشكلات كنسية كبرى.. إن يوسف زيدان اقتحم حياة الأديرة، ورسم بريشة راهب أحداثا كنسية حدثت بالفعل، وكان لها أثر عظيم في تاريخ الكنيسة القبطية\" «المطران يوحنا جريجووريوس»', '2020', 'تاريخي', 4.3, 70.00, '1752606109.webp'),
(91, 'دانشمند', 'أحمد فال الدين', 'كتاب دانشمند بقلم أحمد فال الدين ... “دانشمند” أو عالم العلماء. أهي سيرة الشيخ الإمام البحر أبي حامد الغزالي أم سيرتنا نحن؟ قطعة من المخيّلة تبنيها الرواية، أم قطعة من التاريخ يقتفي آثارها أحمد فال الدين؟ لقد ضرب في مضايق العلم وطرَقَ أبواب القرآن حتى تفوق على مجايليه وصار إمام عصره وعالم زمانه. لكن يبدو أنه جاء الزمان على الهرم: فتن سياسيّة وخصومات مذهبيّة ودسائس في القصر، وفي قلعة الموت متربّص آخر لا يقل خطرًا عن تهديد الفرنجة الصليبيين. و «دانشمند» رواية وإن توسلت بالتاريخ، لا تسقط في فخاخ الصورة النمطية لأبي حامد، بل تقدّم لنا ذاتا إنسانية قلقةً حية، وهي إذ تستدعي علامةً من الذاكرة، فإنما تستدعيها لتغرس أسئلتها في تربة الحاضر، وتُبرز قيمة المعرفة بوصفها طريقا إلى الخلاص، فماذا بعد الصيت والجاه والتوقير؟ ألا يكون طلب الطمأنينة إلا بسلك طريق الآخرة؟ وهل يكون التقرب إلى الله بغير التيه وجهاد النفس والصمت؟ ومن يحيي علوم الدين وقد صارت بابا مستباحًا؟ وإذا كانت المعرفة طريقًا إلى الخلاص، فهل يكون فردا والحال أمة على وشك الضياع؟', '2024', 'دراما', 4.2, 60.00, '1752607135.webp'),
(92, 'أحلام سعيدة', 'أحمد الملوانى.', 'كتاب أحلام سعيدة بقلم أحمد الملوانى. ... \"مر يومي هادئًا دون تفاصيل تذكر. وفي الموعد المحدد دخلت إلى فراشي. انتظرت حتى صدرت الإشارة من المذياع العام، ثم تمددت على جانبي الأيسر كالعادة. قلت مخاطبًا جسدها الهامد أمامي: ـ تصبحين على خير يا حبيبتي. ومن المذياع العام صدر الصوت القوي كما كل ليلة، يقول: ـ عزيزي المواطن. أحلام سعيدة. هنا يحين الدور الروتيني لذلك الجسم المعدني الرقيق المزروع تحت جلد رقبتي. في لحظة واحدة، وعندما يتلقى تلك الإشارة العامة. أروح في نوم عميق، مليئ ـ بالفعل ـ بالأحلام السعيدة.\"', '2024', 'دراما', 4.3, 80.00, '1752607175.webp'),
(93, 'عهد دميانة', 'أسامة عبد الرؤوف الشاذلي.', 'كتاب عهد دميانة بقلم أسامة عبد الرؤوف الشاذلي. ... \"ارتفع جذعُ النَّخلة الذي شُدَّ إليه جسدُه نحو السماء. إنسانٌ خاطئ محملٌ بالخزي، لا يبحثُ عن الخلاصِ لنفسه أو لغيره. يرنو من فوق صليبه إلى أرضٍ كان يتمنى أن يرى أثرَ أقدامه عليها، فتعلقت أقدامُه في الهواء، وتعلوه سماء لا مكان له فيها، بعد أن صار ملعونًا بشهادة الجميع، مسلمين، ومسيحيين، سُنَّة، وشيعة، روم وقبط. عاش حياته مرتديًا ثوب الشك، واليوم يموت ولديه يقين واحد، أن الحياة عبث لا تستحق أن تعاش، والإنسان في هذه الحياة كخيال الظِلّ، فهل هناك أثرٌ لخيال؟\"', '2023', 'دراما', 4.5, 80.00, '1752607227.webp'),
(94, 'السكان الاصلييين للقلب', 'عبد الرحمن حجاج', 'كتاب السكان الاصلييين للقلب بقلم عبد الرحمن حجاج ... «جريمة قتل غريبة تفتح الأبواب على فندق قديم يحمل بين جدرانه الكثير من الحكايات والأسرار. بقراءتك لتلك الجملة فأنت تؤكد حجزك بهذا الفندق، والذي يشمل المبيت، الإفطار، وسلسلة لا تنتهي من الجرائم، الحنين والهلاوس. أتمنى لك إقامة سعيدة ورحلة هادئة».', '2023', 'دراما', 4.5, 70.00, '1752607262.webp'),
(95, 'دفاتر الوراق', 'جلال برجس', 'كتاب دفاتر الوراق بقلم جلال برجس ... لا أحبّ ديدان الأرض حيث الظلمة والرطوبة تهب وجعاً إضافيّاً للموت، لهذا منحت جسدي للماء سرّ ‏الإنصات الأبديّ، والحضن الّذي لا تغلق ذراعاه، لم أكتب وصيّتي، فليس هناك من وصايا للّذين خذلوا في ‏حياتهم سوى أن يتمنّوا أن يبادر أحدٌ ليدوزن الوتر النشاز، وليس لي وصايا لأقولها، فأنا محض ريشة دوريّ ‏علقت في هواء لم يسكن ولو لحظةٌ واحدة.‏ ‎ ‎ حينها كان يمكنني أن أحط على شجرة وأشاهد كيف تنضج حبّة كمَثرى على صدر أمّها، أو أحط على كتف ‏رجل ذاهب للقاء امرأةٍ قطع عهداً على قلبه أن يحبّها كما يحبّ الطائر جناحيه بينما يخفق ماراً فوق شارع ‏يكابد عابروه الزحام.‏ ‎ ‎ أنا محض امرأةٍ خُذلَت في حياتها وجاءت إلى تفكر بالإعتزال كما يعتزل عازف شهير في أوج نبوغه لخلل ‏يستشعره قادماً لا محالة، لا وصايا لي سوى هذه الكلمات فأحرقوا هذه الورقة وانثروها هنا لعلّها تصير شاهدةً ‏جوّالةً تشير إِليّ', '2020', 'دراما', 4.6, 80.00, '1752607307.webp'),
(96, 'مذكرات طبيب نفسي', 'إرفين د. يالوم', 'كتاب مذكرات طبيب نفسي بقلم إرفين د. يالوم ... بعد أن أقام إرڤن د. يالوم مساره المهني على استكشاف حياة الآخرين، يتوجه في هذه المذكرات القوية بكتابته ونظرته العلاجية إلى نفسه. يستفتح قصته بحكاية كابوس راوده: يقود إرڤن في الثانية عشرة من عمره دراجته أمام منزل فتاة يغطي حَب الشباب وجهها. وكعادته كل صباح، صاح بها معيرًا على أمل أن تنشأ بينهما صداقة: \"مرحبًا أيتها المحصوبة!\" لكن في الحلم يظهر والد هذه الفتاة ويجعل يالوم يفهم أن تحياته اليومية تؤذيها. في نظر يالوم، كان هذا إيذانًا بمولد التعاطف، فلن ينسى الدرس بعدها. ومع مجريات الكتاب، نرى مولد المفكر المتبصر الذي أضاء الطريق للكثيرين. هذه ليست قصة حياة رجل بسيط، فتأمُّلات يالوم لحياته وتطوره دعوة لنا للتأمل في أصول صفاتنا النفسية ومعاني حيواتنا.', '2025', 'ذاتية', 4.6, 120.00, '1752607771.webp'),
(97, 'ألا في الفتنة سقطوا', 'د. محمد الدمرداش العقالى', 'كتاب ألا في الفتنة سقطوا بقلم د. محمد الدمرداش العقالى ... \"لَا حُكْمَ إلَّا لله. شعارٌ رنان تردده الألسن، يهزُّ القلوب بصوته الجهير، لكنه يسلب العقول بمكره المستتر. شعارٌ في جوهره \"كلمة حق أُريدَ بها باطل\"، أطلقه أول الناعقين منذ أربعة عشر قرنًا، ولكن رجع صداه لا يزال يدوي، يحمل معه أصداء الفتن إلى آخر الزمان. في هذه الرواية، نغوص في ظلمات تاريخنا المثقل بالجراح، نستعيد الأحداث الدامية التي خضبت صفحات الإسلام الأولى، من \"حرقوص بن زهير\" وأشباهه، إلى \"أبي بكر البغدادي\" وأتباعه. كيف صار هذا الشعار البراق سلاحًا يشعل الفتن العمياء، وسببًا في انزلاق النفوس الضعيفة إلى أتون الفوضى والدماء؟ وفي قلب هذه الحكاية، تثبت أمة محمد ﷺ، أنها ليست أمة الفتن والمحن، بل أمة البطولة والعظمة. أمة أنجبت رجالًا كأبي بكر، وعمر، وعمار، وحذيفة، ومحمد بن أبي بكر، ومالك الأشتر، وأويس القرني، وغيرهم من الصالحين والأبطال. رواية تفتح دفاتر التاريخ، لتشهد أن أمة الإسلام، رغم كل ما أصابها، ما زالت خير أمة أخرجت للناس.\"', '2025', 'ذاتية', 4.5, 100.00, '1752607858.webp'),
(98, 'الفتاة التي ابتسمت خرزا', 'كليمنتين واماريا', 'كتاب الفتاة التي ابتسمت خرزا بقلم كليمنتين واماريا، إليزابيث ويل ... \"قصة مؤثرة عن الاغتراب والنجاة، وقوة الخيال في إنقاذنا. كانت كليمنتين واماريا تبلغ من العمر ست سنوات فقط حين بدأ والداها يتحدثان همسًا، وحين بدأ الجيران في الاختفاء، وحين سُمِعَت الأصوات المُدَوِّية والقبيحة التي وصفها شقيقها بأنها أصوات \"\"الرعد\"\". كان ذلك في عام 1994، وفي غضون 100 يوم، قُتِلَ أكثر من 800,000 شخص في رواندا، وتشرَّد الملايين. هربت كليمنتين مع شقيقتها كلير التي كانت في الخامسة عشرة من عمرها، وقضتا السنوات الست التالية متنقلتين بين سبع دول إفريقية بحثًا عن الأمان. الاختباء تحت الأَسِرَّة، والبحث عن الطعام، والنجاة والفرار من مخيمات اللاجئين، واللطف غير المعهود، ومشاهدة أحداث قاسية لا يمكن تخيلها. لم تكن الفتاتان تعرفان ما إذا كان والداهما على قيد الحياة أم لا. بأسلوب جميل وساحر، تسلط الفتاة -التي تنثر ابتسامتها الخرز أينما مشت- الضوء على التكاليف الحقيقية وآثار الحرب: ما يُفقد إلى الأبد، وما يمكن إصلاحه، وهشاشة الذاكرة وأهميتها، والإيمان بأنه يمكن للمرء أن يتعلم مرة أخرى كيف يحب نفسه، حتى مع وجود ندوب عميقة.\"', '2025', 'ذاتية', 4.5, 150.00, '1752607901.webp'),
(99, 'حمزة', 'د. محمد الدمرداش العقالى', 'كتاب حمزة بقلم د. محمد الدمرداش العقالى ... \"لكـنَّ حَــمــزةَ لا بَـواكيَ لــه جملة مختصـرة نطق بها ثغر الحبيب المصطفى ﷺ، تحمل حزنًا عميقًا لفقده عمه وصديق الطفولة والشباب حَمـزةَ بن عبد المطلب، حيث تسرد أحداث الرواية سيرة أسد الإسلام ورسوله ﷺ الذي ندر التصنيف عنه رغم عظيم أثره في تثبيت دعائم الدين ورفع راية الحق. والمكتبة العربية تُعاني وبحق ندرةَ المصادر التي تصنف لهذا البطل، ولذا جاءت الرواية لتسد نقصًا، وتُفرد عملًا أدبيًّا ورواية سردية تخرج من سطور الروايات الثابتة، وتجمع قطوف الأخبار المتناثرة في بطون كتب التاريخ والسير والتراجم المختلفة، لينظمها الكاتب بخيط الرواية بما يستشـرفه قلمه من وقائع الأحوال وطبائع العباد وأخبار البلاد دونما ابتداع أو إثبات لقصص لا تثبتها الروايات الصحيحة، أو نفي لمرويات أثبتها الرواة الثقات.\"', '2025', 'ذاتية', 4.6, 150.00, '1752607947.webp'),
(100, 'عبقرية محمد', 'عباس محمود العقاد', 'كتاب عبقرية محمد بقلم عباس محمود العقاد ... احتفى التاريخ العربي بالسيرة المُحمدية، فأفرد لها المجلدات الطوال، التي ذكرت أحداث ميلاد ونشأة النبي، وقد أسهبت في تناول أحداث حياته من المولد حتى الوفاة بتفاصيل كثيرة مُعززة بالأسانيد ومغرقة في تفاصيل الأحداث وتواريخها، ولما وضع العقاد هذا الكتاب لم يكن هدفه عرضًا جديدًا للسيرة المحمدية بل أراد إبراز ملامح عبقرية النبي الإنسان الذي اصطفاه الله بظروف مُختارة صَقَّلت شخصيته، وبقدرات إنسانية فذَّة مكَّنته من الاضطلاع بحمل الرسالة. كما يقدم لنا جوانب من حياة الداعي الرحيم، الرفيق بقومه، والعالم بما يصلح لهم، فكان القائد العسكري النبيل، والسياسي المحنَّك الذي استطاع كذلك أن يدبر أمور دولة الإسلام الوليدة بمهارة، كما يقترب من صفاته الإنسانية فهو الزوج العطوف والأب الحنون رغم جسامة المهمة التي لها أُرسل', '2024', 'ذاتية', 4.6, 100.00, '1752608008.webp');

-- --------------------------------------------------------

--
-- Table structure for table `cache`
--

CREATE TABLE `cache` (
  `key` varchar(255) NOT NULL,
  `value` mediumtext NOT NULL,
  `expiration` int(11) NOT NULL
) ENGINE=InnoDB DEFAULT CHARSET=utf8mb4 COLLATE=utf8mb4_unicode_ci;

-- --------------------------------------------------------

--
-- Table structure for table `cache_locks`
--

CREATE TABLE `cache_locks` (
  `key` varchar(255) NOT NULL,
  `owner` varchar(255) NOT NULL,
  `expiration` int(11) NOT NULL
) ENGINE=InnoDB DEFAULT CHARSET=utf8mb4 COLLATE=utf8mb4_unicode_ci;

-- --------------------------------------------------------

--
-- Table structure for table `carts`
--

CREATE TABLE `carts` (
  `id` bigint(20) UNSIGNED NOT NULL,
  `user_id` bigint(20) UNSIGNED NOT NULL,
  `book_id` bigint(20) UNSIGNED NOT NULL,
  `quantity` int(11) NOT NULL DEFAULT 1,
  `created_at` timestamp NULL DEFAULT NULL,
  `updated_at` timestamp NULL DEFAULT NULL
) ENGINE=InnoDB DEFAULT CHARSET=utf8mb4 COLLATE=utf8mb4_unicode_ci;

--
-- Dumping data for table `carts`
--

INSERT INTO `carts` (`id`, `user_id`, `book_id`, `quantity`, `created_at`, `updated_at`) VALUES
(13, 2, 38, 1, '2025-07-16 22:35:28', '2025-07-16 22:35:28'),
(14, 2, 39, 1, '2025-07-16 22:35:28', '2025-07-16 22:35:28');

-- --------------------------------------------------------

--
-- Table structure for table `contact_messages`
--

CREATE TABLE `contact_messages` (
  `id` bigint(20) UNSIGNED NOT NULL,
  `name` varchar(255) NOT NULL,
  `email` varchar(255) NOT NULL,
  `message` text NOT NULL,
  `created_at` timestamp NULL DEFAULT NULL,
  `updated_at` timestamp NULL DEFAULT NULL
) ENGINE=InnoDB DEFAULT CHARSET=utf8mb4 COLLATE=utf8mb4_unicode_ci;

--
-- Dumping data for table `contact_messages`
--

INSERT INTO `contact_messages` (`id`, `name`, `email`, `message`, `created_at`, `updated_at`) VALUES
(1, 'Anas', 'anselzour@gmail.com', 'my name is anas al zouk', '2025-07-15 20:12:13', '2025-07-15 20:12:13'),
(2, 'Anas', 'anselzour@gmail.com', 'my name is anas al zouk', '2025-07-15 20:13:14', '2025-07-15 20:13:14'),
(3, 'Anas', 'anselzour@gmail.com', 'my name is anas al zouk', '2025-07-15 20:13:16', '2025-07-15 20:13:16'),
(4, 'Anas', 'anselzour@gmail.com', 'my name is anas al zouk', '2025-07-15 20:14:18', '2025-07-15 20:14:18'),
(5, 'Anas', 'anselzour@gmail.com', 'my name is anas al zouk', '2025-07-15 20:14:32', '2025-07-15 20:14:32'),
(6, 'Anas', 'anselzour@gmail.com', 'my name is anas al zouk', '2025-07-15 20:14:57', '2025-07-15 20:14:57'),
(7, 'Anas', 'anselzour@gmail.com', 'my name is anas al zouk', '2025-07-15 20:14:58', '2025-07-15 20:14:58'),
(8, 'Anas', 'anselzour@gmail.com', 'my name is anas al zouk', '2025-07-15 20:15:13', '2025-07-15 20:15:13'),
(9, 'Anas', 'anselzour@gmail.com', 'my name is anas al zouk', '2025-07-15 20:15:14', '2025-07-15 20:15:14'),
(10, 'Anas', 'anselzour@gmail.com', 'my name is anas al zouk', '2025-07-15 20:15:37', '2025-07-15 20:15:37'),
(11, 'Anas', 'anselzour@gmail.com', 'my name is anas al zouk', '2025-07-15 20:18:28', '2025-07-15 20:18:28'),
(12, 'Anas', 'anselzour@gmail.com', 'my name is anas al zouk', '2025-07-15 20:20:58', '2025-07-15 20:20:58'),
(13, 'شسيب', 'anselzour@gmail.com', 'asdfasdf', '2025-07-15 20:22:28', '2025-07-15 20:22:28'),
(14, 'adsf', 'anselzour@gmail.com', 'asdfadsf', '2025-07-15 20:23:41', '2025-07-15 20:23:41'),
(15, 'ali', 'anselzour@gmail.com', 'my name is ali', '2025-07-15 20:24:16', '2025-07-15 20:24:16'),
(16, 'adsf', 'anselzour@gmail.com', 'adsf', '2025-07-15 20:25:03', '2025-07-15 20:25:03'),
(17, 'anas', 'anselzour@gmail.com', '5464', '2025-07-15 20:26:47', '2025-07-15 20:26:47'),
(18, 'anas', 'anselzour@gmail.com', 'sadfasdfasdf', '2025-07-15 20:29:55', '2025-07-15 20:29:55'),
(19, 'anas', 'anselzour@gmail.com', 'ششسيبشيسبشيسب', '2025-07-15 20:31:09', '2025-07-15 20:31:09'),
(20, 'sd', 'anselzour@gmail.com', 'asdfasdf', '2025-07-15 20:31:51', '2025-07-15 20:31:51'),
(21, 'anas', 'anselzour@gmail.com', 'adsfasdf', '2025-07-15 20:33:07', '2025-07-15 20:33:07'),
(22, 'anas', 'anselzour@gmail.com', 'asdfasdf', '2025-07-15 20:33:33', '2025-07-15 20:33:33'),
(23, 'anas', 'anselzour@gmail.com', 'adsfadsf', '2025-07-15 20:35:54', '2025-07-15 20:35:54');

-- --------------------------------------------------------

--
-- Table structure for table `failed_jobs`
--

CREATE TABLE `failed_jobs` (
  `id` bigint(20) UNSIGNED NOT NULL,
  `uuid` varchar(255) NOT NULL,
  `connection` text NOT NULL,
  `queue` text NOT NULL,
  `payload` longtext NOT NULL,
  `exception` longtext NOT NULL,
  `failed_at` timestamp NOT NULL DEFAULT current_timestamp()
) ENGINE=InnoDB DEFAULT CHARSET=utf8mb4 COLLATE=utf8mb4_unicode_ci;

-- --------------------------------------------------------

--
-- Table structure for table `jobs`
--

CREATE TABLE `jobs` (
  `id` bigint(20) UNSIGNED NOT NULL,
  `queue` varchar(255) NOT NULL,
  `payload` longtext NOT NULL,
  `attempts` tinyint(3) UNSIGNED NOT NULL,
  `reserved_at` int(10) UNSIGNED DEFAULT NULL,
  `available_at` int(10) UNSIGNED NOT NULL,
  `created_at` int(10) UNSIGNED NOT NULL
) ENGINE=InnoDB DEFAULT CHARSET=utf8mb4 COLLATE=utf8mb4_unicode_ci;

-- --------------------------------------------------------

--
-- Table structure for table `job_batches`
--

CREATE TABLE `job_batches` (
  `id` varchar(255) NOT NULL,
  `name` varchar(255) NOT NULL,
  `total_jobs` int(11) NOT NULL,
  `pending_jobs` int(11) NOT NULL,
  `failed_jobs` int(11) NOT NULL,
  `failed_job_ids` longtext NOT NULL,
  `options` mediumtext DEFAULT NULL,
  `cancelled_at` int(11) DEFAULT NULL,
  `created_at` int(11) NOT NULL,
  `finished_at` int(11) DEFAULT NULL
) ENGINE=InnoDB DEFAULT CHARSET=utf8mb4 COLLATE=utf8mb4_unicode_ci;

-- --------------------------------------------------------

--
-- Table structure for table `migrations`
--

CREATE TABLE `migrations` (
  `id` int(10) UNSIGNED NOT NULL,
  `migration` varchar(255) NOT NULL,
  `batch` int(11) NOT NULL
) ENGINE=InnoDB DEFAULT CHARSET=utf8mb4 COLLATE=utf8mb4_unicode_ci;

--
-- Dumping data for table `migrations`
--

INSERT INTO `migrations` (`id`, `migration`, `batch`) VALUES
(1, '0001_01_01_000000_create_users_table', 1),
(6, '0001_01_01_000001_create_cache_table', 2),
(7, '0001_01_01_000002_create_jobs_table', 2),
(8, '2025_07_06_191515_add_role_to_users_table', 2),
(9, '2025_07_06_192035_add_role_to_users_table', 2),
(10, '2025_07_14_204318_create_purchases_table', 3),
(11, '2025_07_14_205550_create_carts_table', 3),
(12, '2025_07_15_225842_create_contact_messages_table', 4),
(15, '2025_07_16_234810_create_orders_table', 5),
(16, '2025_07_16_234853_create_order_items_table', 5);

-- --------------------------------------------------------

--
-- Table structure for table `orders`
--

CREATE TABLE `orders` (
  `id` bigint(20) UNSIGNED NOT NULL,
  `user_id` bigint(20) UNSIGNED NOT NULL,
  `name` varchar(255) NOT NULL,
  `address` varchar(255) NOT NULL,
  `city` varchar(255) NOT NULL,
  `governorate` varchar(255) NOT NULL,
  `phone` varchar(255) NOT NULL,
  `payment_method` varchar(255) NOT NULL,
  `total_price` decimal(10,2) NOT NULL,
  `status` varchar(255) NOT NULL DEFAULT 'pending',
  `created_at` timestamp NULL DEFAULT NULL,
  `updated_at` timestamp NULL DEFAULT NULL
) ENGINE=InnoDB DEFAULT CHARSET=utf8mb4 COLLATE=utf8mb4_unicode_ci;

--
-- Dumping data for table `orders`
--

INSERT INTO `orders` (`id`, `user_id`, `name`, `address`, `city`, `governorate`, `phone`, `payment_method`, `total_price`, `status`, `created_at`, `updated_at`) VALUES
(1, 2, 'انس الزوق', 'tanta', 'mansoura', 'الغربية', '01158679633', 'cod', 192.00, 'pending', '2025-07-16 21:27:50', '2025-07-16 21:27:50'),
(2, 2, 'انس الزوق', 'tanta', 'mansoura', 'الغربية', '01158679633', 'cod', 192.00, 'pending', '2025-07-16 21:30:24', '2025-07-16 21:30:24'),
(3, 2, 'انس الزوق', 'tanta', 'mansoura', 'الغربية', '01158679633', 'cod', 173.00, 'pending', '2025-07-16 21:38:59', '2025-07-16 21:38:59'),
(4, 2, 'احمد عبدالله', 'tanta', 'mansoura', 'الشرقية', '01158679633', 'cod', 173.00, 'pending', '2025-07-16 22:30:55', '2025-07-16 22:30:55'),
(5, 1, 'احمد الزوق', 'tanta', 'mansoura', 'القاهرة', '+201158679633', 'cod', 173.00, 'pending', '2025-07-16 22:34:35', '2025-07-16 22:34:35');

-- --------------------------------------------------------

--
-- Table structure for table `order_items`
--

CREATE TABLE `order_items` (
  `id` bigint(20) UNSIGNED NOT NULL,
  `order_id` bigint(20) UNSIGNED NOT NULL,
  `book_id` bigint(20) UNSIGNED NOT NULL,
  `quantity` int(11) NOT NULL,
  `price` decimal(10,2) NOT NULL,
  `created_at` timestamp NULL DEFAULT NULL,
  `updated_at` timestamp NULL DEFAULT NULL
) ENGINE=InnoDB DEFAULT CHARSET=utf8mb4 COLLATE=utf8mb4_unicode_ci;

--
-- Dumping data for table `order_items`
--

INSERT INTO `order_items` (`id`, `order_id`, `book_id`, `quantity`, `price`, `created_at`, `updated_at`) VALUES
(1, 2, 38, 1, 96.00, '2025-07-16 21:30:24', '2025-07-16 21:30:24'),
(2, 2, 57, 1, 96.00, '2025-07-16 21:30:24', '2025-07-16 21:30:24'),
(3, 3, 33, 1, 77.00, '2025-07-16 21:38:59', '2025-07-16 21:38:59'),
(4, 3, 41, 1, 96.00, '2025-07-16 21:38:59', '2025-07-16 21:38:59'),
(5, 4, 36, 1, 77.00, '2025-07-16 22:30:55', '2025-07-16 22:30:55'),
(6, 4, 68, 1, 96.00, '2025-07-16 22:30:55', '2025-07-16 22:30:55'),
(7, 5, 57, 1, 96.00, '2025-07-16 22:34:35', '2025-07-16 22:34:35'),
(8, 5, 33, 1, 77.00, '2025-07-16 22:34:35', '2025-07-16 22:34:35');

-- --------------------------------------------------------

--
-- Table structure for table `password_reset_tokens`
--

CREATE TABLE `password_reset_tokens` (
  `email` varchar(255) NOT NULL,
  `token` varchar(255) NOT NULL,
  `created_at` timestamp NULL DEFAULT NULL
) ENGINE=InnoDB DEFAULT CHARSET=utf8mb4 COLLATE=utf8mb4_unicode_ci;

-- --------------------------------------------------------

--
-- Table structure for table `purchases`
--

CREATE TABLE `purchases` (
  `id` bigint(20) UNSIGNED NOT NULL,
  `user_id` bigint(20) UNSIGNED NOT NULL,
  `book_id` bigint(20) UNSIGNED NOT NULL,
  `created_at` timestamp NULL DEFAULT NULL,
  `updated_at` timestamp NULL DEFAULT NULL
) ENGINE=InnoDB DEFAULT CHARSET=utf8mb4 COLLATE=utf8mb4_unicode_ci;

-- --------------------------------------------------------

--
-- Table structure for table `sessions`
--

CREATE TABLE `sessions` (
  `id` varchar(255) NOT NULL,
  `user_id` bigint(20) UNSIGNED DEFAULT NULL,
  `ip_address` varchar(45) DEFAULT NULL,
  `user_agent` text DEFAULT NULL,
  `payload` longtext NOT NULL,
  `last_activity` int(11) NOT NULL
) ENGINE=InnoDB DEFAULT CHARSET=utf8mb4 COLLATE=utf8mb4_unicode_ci;

-- --------------------------------------------------------

--
-- Table structure for table `users`
--

CREATE TABLE `users` (
  `id` bigint(20) UNSIGNED NOT NULL,
  `name` varchar(255) NOT NULL,
  `email` varchar(255) NOT NULL,
  `email_verified_at` timestamp NULL DEFAULT NULL,
  `password` varchar(255) NOT NULL,
  `remember_token` varchar(100) DEFAULT NULL,
  `created_at` timestamp NULL DEFAULT NULL,
  `updated_at` timestamp NULL DEFAULT NULL,
  `role` varchar(255) NOT NULL DEFAULT 'user'
) ENGINE=InnoDB DEFAULT CHARSET=utf8mb4 COLLATE=utf8mb4_unicode_ci;

--
-- Dumping data for table `users`
--

INSERT INTO `users` (`id`, `name`, `email`, `email_verified_at`, `password`, `remember_token`, `created_at`, `updated_at`, `role`) VALUES
(1, 'anas', 'anselzour@gmail.com', NULL, '$2y$12$nn9sbVP7z.LXrOrv1nkEQOzg1N63GX9/ajOItueXyqeXZbA0JguG6', 'g9Z0Eul00BEkVDS2rAXkIhA9GZWyrXd3EObEHwYtRlluJtQKBQwLRqANAPDo', '2025-07-14 18:23:24', '2025-07-14 18:23:24', 'admin'),
(2, 'ahmed', 'ahmed@gmail.com', NULL, '$2y$12$jlEHG2ZvNA78CeRaviDHY.pn/efRModFYQ/5UH.4zWjjwy6WarWTm', 'KOXlV7gxlp8SNPALBipwLPThI0At5aPp5lIduTq0ovfiQmrvjwN89nafl86B', '2025-07-14 19:05:05', '2025-07-14 19:05:05', 'user'),
(3, 'Ali', 'ali@gmail.com', NULL, '$2y$12$btRr8tSxadXxqeoauB7RCeqbw8nD9Ok1IXvItWGmNxjp3nDbWsRtC', NULL, '2025-07-15 18:04:28', '2025-07-15 18:04:28', 'user'),
(4, 'Ali', 'adsfasdf@gmail.com', NULL, '$2y$12$eCaqkQDgpz8/lgVMJs9n8ujkHjJ4puqRRBPgqrxtUN8cLocIV87ne', NULL, '2025-07-15 18:05:24', '2025-07-15 18:05:24', 'user');

--
-- Indexes for dumped tables
--

--
-- Indexes for table `books`
--
ALTER TABLE `books`
  ADD PRIMARY KEY (`id`);

--
-- Indexes for table `cache`
--
ALTER TABLE `cache`
  ADD PRIMARY KEY (`key`);

--
-- Indexes for table `cache_locks`
--
ALTER TABLE `cache_locks`
  ADD PRIMARY KEY (`key`);

--
-- Indexes for table `carts`
--
ALTER TABLE `carts`
  ADD PRIMARY KEY (`id`),
  ADD KEY `carts_user_id_foreign` (`user_id`),
  ADD KEY `carts_book_id_foreign` (`book_id`);

--
-- Indexes for table `contact_messages`
--
ALTER TABLE `contact_messages`
  ADD PRIMARY KEY (`id`);

--
-- Indexes for table `failed_jobs`
--
ALTER TABLE `failed_jobs`
  ADD PRIMARY KEY (`id`),
  ADD UNIQUE KEY `failed_jobs_uuid_unique` (`uuid`);

--
-- Indexes for table `jobs`
--
ALTER TABLE `jobs`
  ADD PRIMARY KEY (`id`),
  ADD KEY `jobs_queue_index` (`queue`);

--
-- Indexes for table `job_batches`
--
ALTER TABLE `job_batches`
  ADD PRIMARY KEY (`id`);

--
-- Indexes for table `migrations`
--
ALTER TABLE `migrations`
  ADD PRIMARY KEY (`id`);

--
-- Indexes for table `orders`
--
ALTER TABLE `orders`
  ADD PRIMARY KEY (`id`),
  ADD KEY `orders_user_id_foreign` (`user_id`);

--
-- Indexes for table `order_items`
--
ALTER TABLE `order_items`
  ADD PRIMARY KEY (`id`),
  ADD KEY `order_items_order_id_foreign` (`order_id`),
  ADD KEY `order_items_book_id_foreign` (`book_id`);

--
-- Indexes for table `password_reset_tokens`
--
ALTER TABLE `password_reset_tokens`
  ADD PRIMARY KEY (`email`);

--
-- Indexes for table `purchases`
--
ALTER TABLE `purchases`
  ADD PRIMARY KEY (`id`),
  ADD KEY `purchases_user_id_foreign` (`user_id`),
  ADD KEY `purchases_book_id_foreign` (`book_id`);

--
-- Indexes for table `sessions`
--
ALTER TABLE `sessions`
  ADD PRIMARY KEY (`id`),
  ADD KEY `sessions_user_id_index` (`user_id`),
  ADD KEY `sessions_last_activity_index` (`last_activity`);

--
-- Indexes for table `users`
--
ALTER TABLE `users`
  ADD PRIMARY KEY (`id`),
  ADD UNIQUE KEY `users_email_unique` (`email`);

--
-- AUTO_INCREMENT for dumped tables
--

--
-- AUTO_INCREMENT for table `books`
--
ALTER TABLE `books`
  MODIFY `id` bigint(20) UNSIGNED NOT NULL AUTO_INCREMENT, AUTO_INCREMENT=101;

--
-- AUTO_INCREMENT for table `carts`
--
ALTER TABLE `carts`
  MODIFY `id` bigint(20) UNSIGNED NOT NULL AUTO_INCREMENT, AUTO_INCREMENT=15;

--
-- AUTO_INCREMENT for table `contact_messages`
--
ALTER TABLE `contact_messages`
  MODIFY `id` bigint(20) UNSIGNED NOT NULL AUTO_INCREMENT, AUTO_INCREMENT=24;

--
-- AUTO_INCREMENT for table `failed_jobs`
--
ALTER TABLE `failed_jobs`
  MODIFY `id` bigint(20) UNSIGNED NOT NULL AUTO_INCREMENT;

--
-- AUTO_INCREMENT for table `jobs`
--
ALTER TABLE `jobs`
  MODIFY `id` bigint(20) UNSIGNED NOT NULL AUTO_INCREMENT;

--
-- AUTO_INCREMENT for table `migrations`
--
ALTER TABLE `migrations`
  MODIFY `id` int(10) UNSIGNED NOT NULL AUTO_INCREMENT, AUTO_INCREMENT=17;

--
-- AUTO_INCREMENT for table `orders`
--
ALTER TABLE `orders`
  MODIFY `id` bigint(20) UNSIGNED NOT NULL AUTO_INCREMENT, AUTO_INCREMENT=6;

--
-- AUTO_INCREMENT for table `order_items`
--
ALTER TABLE `order_items`
  MODIFY `id` bigint(20) UNSIGNED NOT NULL AUTO_INCREMENT, AUTO_INCREMENT=9;

--
-- AUTO_INCREMENT for table `purchases`
--
ALTER TABLE `purchases`
  MODIFY `id` bigint(20) UNSIGNED NOT NULL AUTO_INCREMENT;

--
-- AUTO_INCREMENT for table `users`
--
ALTER TABLE `users`
  MODIFY `id` bigint(20) UNSIGNED NOT NULL AUTO_INCREMENT, AUTO_INCREMENT=5;

--
-- Constraints for dumped tables
--

--
-- Constraints for table `carts`
--
ALTER TABLE `carts`
  ADD CONSTRAINT `carts_book_id_foreign` FOREIGN KEY (`book_id`) REFERENCES `books` (`id`) ON DELETE CASCADE,
  ADD CONSTRAINT `carts_user_id_foreign` FOREIGN KEY (`user_id`) REFERENCES `users` (`id`) ON DELETE CASCADE;

--
-- Constraints for table `orders`
--
ALTER TABLE `orders`
  ADD CONSTRAINT `orders_user_id_foreign` FOREIGN KEY (`user_id`) REFERENCES `users` (`id`) ON DELETE CASCADE;

--
-- Constraints for table `order_items`
--
ALTER TABLE `order_items`
  ADD CONSTRAINT `order_items_book_id_foreign` FOREIGN KEY (`book_id`) REFERENCES `books` (`id`) ON DELETE CASCADE,
  ADD CONSTRAINT `order_items_order_id_foreign` FOREIGN KEY (`order_id`) REFERENCES `orders` (`id`) ON DELETE CASCADE;

--
-- Constraints for table `purchases`
--
ALTER TABLE `purchases`
  ADD CONSTRAINT `purchases_book_id_foreign` FOREIGN KEY (`book_id`) REFERENCES `books` (`id`) ON DELETE CASCADE,
  ADD CONSTRAINT `purchases_user_id_foreign` FOREIGN KEY (`user_id`) REFERENCES `users` (`id`) ON DELETE CASCADE;
COMMIT;

/*!40101 SET CHARACTER_SET_CLIENT=@OLD_CHARACTER_SET_CLIENT */;
/*!40101 SET CHARACTER_SET_RESULTS=@OLD_CHARACTER_SET_RESULTS */;
/*!40101 SET COLLATION_CONNECTION=@OLD_COLLATION_CONNECTION */;
